id,slug,name,category,href,degree,tags
apps:allo-protocol,allo-protocol,Allo Protocol,apps,/apps/allo-protocol,39,protocol|modular|grants
apps:arbitrum-dao-grants,arbitrum-dao-grants,Arbitrum DAO Grants,apps,/apps/arbitrum-dao-grants,2,grants|governance|milestone
apps:artizen-fund,artizen-fund,Artizen Fund,apps,/apps/artizen-fund,5,art|culture|crowdfunding|quadratic
apps:base-builder-grants,base-builder-grants,Base Builder Grants,apps,/apps/base-builder-grants,11,grants|ecosystem|retroactive
apps:base-ecosystem-fund,base-ecosystem-fund,Base Ecosystem Fund,apps,/apps/base-ecosystem-fund,1,grants|ecosystem|infrastructure
apps:coordinape,coordinape,Coordinape,apps,/apps/coordinape,11,peer-allocation|compensation|dao|governance
apps:deepfunding,deepfunding,DeepFunding,apps,/apps/deepfunding,26,ai|public-goods|capital-allocation|grants
apps:drips,drips,Drips,apps,/apps/drips,12,streaming|grants|infrastructure
apps:ethereum-foundation-esp,ethereum-foundation-esp,Ethereum Foundation ESP,apps,/apps/ethereum-foundation-esp,4,grants|milestone|expert
apps:flows-wtf,flows-wtf,Flows.wtf,apps,/apps/flows-wtf,12,streaming|grants|token-curated-registry|nouns|continuous
apps:gardens-v2,gardens-v2,Gardens,apps,/apps/gardens-v2,26,governance|conviction-voting|dao|community|allo-protocol|funding-pools|gnosis|optimism|arbitrum|polygon|base
apps:gitcoin-grants-stack,gitcoin-grants-stack,Gitcoin Grants Stack,apps,/apps/gitcoin-grants-stack,88,quadratic|grants|multichain
apps:giveth,giveth,Giveth,apps,/apps/giveth,19,quadratic|public-goods|multichain
apps:juicebox,juicebox,Juicebox,apps,/apps/juicebox,11,treasury|fundraising|dao
apps:karma-gap,karma-gap,Karma GAP,apps,/apps/karma-gap,7,accountability|grants|milestones|transparency
apps:markee,markee,Markee,apps,/apps/markee,16,community funding|open source|marketplace|real estate|fundraising|digital marketing|revnet|cooperative|public goods|advertising|base|optimism|arbitrum|ethereum
apps:nouns-dao,nouns-dao,Nouns DAO,apps,/apps/nouns-dao,6,governance|nft|auction|cc0|public goods
apps:octant,octant,Octant,apps,/apps/octant,10,public-goods|quadratic|grants
apps:opensource-observer,opensource-observer,Open Source Observer,apps,/apps/opensource-observer,13,metrics|impact-measurement|open-source|analytics
apps:optimism-retropgf,optimism-retropgf,Optimism RetroPGF,apps,/apps/optimism-retropgf,28,retroactive|results-based|governance
apps:polygon-grants,polygon-grants,Polygon Grants,apps,/apps/polygon-grants,2,grants|governance|milestone
apps:protocol-guild,protocol-guild,Protocol Guild,apps,/apps/protocol-guild,18,streaming|collective|infrastructure
apps:revnets,revnets,Revnets,apps,/apps/revnets,8,autonomous|revenue|tokenization
apps:sablier,sablier,Sablier,apps,/apps/sablier,5,streaming|payments|multichain
apps:scroll-grants,scroll-grants,Scroll Grants,apps,/apps/scroll-grants,11,grants|ecosystem|community
apps:superfluid,superfluid,Superfluid,apps,/apps/superfluid,4,streaming|payments|multichain
apps:tea-protocol,tea-protocol,Tea Protocol,apps,/apps/tea-protocol,9,open-source|staking|dependencies|infrastructure
mechanisms:aqueduct,aqueduct,Aqueduct,mechanisms,/mechanisms/aqueduct,27,infrastructure|capital allocation|streaming|daos
mechanisms:artizen-artifacts,artizen-artifacts,Artizen Artifacts,mechanisms,/mechanisms/artizen-artifacts,4,recognition|cultural|nft
mechanisms:attestation-based-funding,attestation-based-funding,Attestation-Based Funding,mechanisms,/mechanisms/attestation-based-funding,10,attribution|identity|verification
mechanisms:auction-based-treasury-funding,auction-based-treasury-funding,Auction-Based Treasury Funding,mechanisms,/mechanisms/auction-based-treasury-funding,8,auction|treasury|nft|perpetual
mechanisms:augmented-bonding-curve,augmented-bonding-curve,Augmented Bonding Curve,mechanisms,/mechanisms/augmented-bonding-curve,8,bonding-curves|public goods|token-engineering|commons
mechanisms:autopgf,autopgf,AutoPGF,mechanisms,/mechanisms/autopgf,3,automated|continuous|signal-based
mechanisms:bonding-curves,bonding-curves,Bonding Curves,mechanisms,/mechanisms/bonding-curves,14,algorithmic|tokenization|liquidity
mechanisms:bounties,bounties,Bounties,mechanisms,/mechanisms/bounties,4,task-based|execution|open
mechanisms:coalitional-funding,coalitional-funding,Coalitional Funding,mechanisms,/mechanisms/coalitional-funding,6,coordination|matching|co-funding|coalition
mechanisms:commitment-pooling,commitment-pooling,Commitment Pooling,mechanisms,/mechanisms/commitment-pooling,11,coordination|conditional|signaling
mechanisms:community-currencies,community-currencies,Community Currencies,mechanisms,/mechanisms/community-currencies,13,local|regenerative|alternative
mechanisms:conviction-voting,conviction-voting,Conviction Voting,mechanisms,/mechanisms/conviction-voting,27,continuous|governance|weighted
mechanisms:cookie-jar,cookie-jar,Cookie Jar,mechanisms,/mechanisms/cookie-jar,2,micro-grants|trust|lightweight
mechanisms:crowdstaking,crowdstaking,Crowdstaking,mechanisms,/mechanisms/crowdstaking,4,yield|staking|sustainable
mechanisms:decentralized-identity,decentralized-identity,Decentralized Identity,mechanisms,/mechanisms/decentralized-identity,9,identity|sybil-resistance|trust|infrastructure
mechanisms:decentralized-validators,decentralized-validators,Decentralized Validators,mechanisms,/mechanisms/decentralized-validators,8,verification|distributed|trust
mechanisms:dedicated-domain-allocation,dedicated-domain-allocation,Dedicated Domain Allocation,mechanisms,/mechanisms/dedicated-domain-allocation,4,delegation|expert|governance
mechanisms:deep-funding,deep-funding,Deep Funding (AI-PGF),mechanisms,/mechanisms/deep-funding,13,ai|capital-allocation|public-goods|automated
mechanisms:demurrage,demurrage,Demurrage,mechanisms,/mechanisms/demurrage,8,community currencies|economics|monetary design
mechanisms:direct-grants,direct-grants,Direct Grants,mechanisms,/mechanisms/direct-grants,61,expert|milestone|grants
mechanisms:direct-to-contract-incentives,direct-to-contract-incentives,Direct to Contract Incentives,mechanisms,/mechanisms/direct-to-contract-incentives,3,automated|onchain|infrastructure
mechanisms:dominant-assurance-contracts,dominant-assurance-contracts,Dominant Assurance Contracts,mechanisms,/mechanisms/dominant-assurance-contracts,4,game-theory|bootstrapping|incentive
mechanisms:donation-mining,donation-mining,Donation Mining,mechanisms,/mechanisms/donation-mining,8,public goods|incentive|token-engineering
mechanisms:effective-altruism,effective-altruism,Effective Altruism,mechanisms,/mechanisms/effective-altruism,6,philanthropy|public goods|impact measurement
mechanisms:ephemeral-daos,ephemeral-daos,Ephemeral DAOs,mechanisms,/mechanisms/ephemeral-daos,2,temporary|modular|governance
mechanisms:evolutionary-grants-games,evolutionary-grants-games,Evolutionary Grants Games,mechanisms,/mechanisms/evolutionary-grants-games,3,iterative|experimental|competitive
mechanisms:fair-fees,fair-fees,Fair Fees,mechanisms,/mechanisms/fair-fees,5,fees|sustainability|incentives|dapp-economics
mechanisms:futarchy,futarchy,Futarchy,mechanisms,/mechanisms/futarchy,8,prediction-markets|governance|data-driven
mechanisms:gift-circles,gift-circles,Gift Circles,mechanisms,/mechanisms/gift-circles,8,relational|participatory|trust
mechanisms:grant-ships,grant-ships,Grant Ships,mechanisms,/mechanisms/grant-ships,4,modular|scalable|distributed
mechanisms:grants-as-a-service,grants-as-a-service,Grants as a Service,mechanisms,/mechanisms/grants-as-a-service,8,grants|infrastructure|service|coordination
mechanisms:guilds,guilds,Guilds,mechanisms,/mechanisms/guilds,6,organizational|specialized|contributor
mechanisms:harberger-taxes,harberger-taxes,Harberger Taxes,mechanisms,/mechanisms/harberger-taxes,4,property|taxation|anti-monopoly
mechanisms:holographic-consensus,holographic-consensus,Holographic Consensus,mechanisms,/mechanisms/holographic-consensus,11,governance|daos|prediction-markets|scalability
mechanisms:honour,honour,Honour,mechanisms,/mechanisms/honour,4,recognition|non-financial|cultural
mechanisms:impact-attestations,impact-attestations,Impact Attestations,mechanisms,/mechanisms/impact-attestations,20,reputation|verification|social
mechanisms:impact-certificates-hypercerts,impact-certificates-hypercerts,Impact Certificates (Hypercerts),mechanisms,/mechanisms/impact-certificates-hypercerts,12,retroactive|tokenization|attribution
mechanisms:jokerace,jokerace,JokeRace,mechanisms,/mechanisms/jokerace,12,governance|contests|daos|incentive
mechanisms:lotto-pgf,lotto-pgf,Lotto PGF,mechanisms,/mechanisms/lotto-pgf,1,random|inclusive|micro-grants
mechanisms:markets,markets,Markets,mechanisms,/mechanisms/markets,6,ancient|economics|coordination
mechanisms:metrics-based-voting,metrics-based-voting,Metrics-Based Voting,mechanisms,/mechanisms/metrics-based-voting,12,metrics|evaluation|voting|impact-measurement|retroactive
mechanisms:milestone-based-funding,milestone-based-funding,Milestone-Based Funding,mechanisms,/mechanisms/milestone-based-funding,6,payments|milestone|grants
mechanisms:molochdao,molochdao,MolochDAO,mechanisms,/mechanisms/molochdao,9,daos|public goods|governance|ethereum
mechanisms:multisig-treasury,multisig-treasury,Multisig Treasury (Gnosis Safe),mechanisms,/mechanisms/multisig-treasury,4,infrastructure|security|governance
mechanisms:mutual-aid-networks,mutual-aid-networks,Mutual Aid Networks,mechanisms,/mechanisms/mutual-aid-networks,8,grassroots|solidarity|need-based
mechanisms:mutual-credit,mutual-credit,Mutual Credit,mechanisms,/mechanisms/mutual-credit,10,credit|peer-to-peer|exchange|community
mechanisms:network-goods,network-goods,Network Goods,mechanisms,/mechanisms/network-goods,9,networks|economics|coordination|public goods
mechanisms:pairwise,pairwise,Pairwise (formerly Budget Box),mechanisms,/mechanisms/pairwise,9,governance|democratic|voting
mechanisms:participatory-budgeting,participatory-budgeting,Participatory Budgeting,mechanisms,/mechanisms/participatory-budgeting,17,democratic|community|inclusive
mechanisms:percent-for-public-goods,percent-for-public-goods,Percent-for-Public-Goods,mechanisms,/mechanisms/percent-for-public-goods,13,protocol-funding|public-goods|infrastructure|sustainability
mechanisms:praise,praise,Praise,mechanisms,/mechanisms/praise,9,reputation|community|coordination|incentive
mechanisms:proof-of-work,proof-of-work,Proof-of-Work,mechanisms,/mechanisms/proof-of-work,7,consensus|security|bitcoin
mechanisms:prop-house,prop-house,Prop House,mechanisms,/mechanisms/prop-house,9,public goods|grants|governance|daos
mechanisms:proposal-inverter,proposal-inverter,Proposal Inverter,mechanisms,/mechanisms/proposal-inverter,9,public goods|grants|coordination|daos
mechanisms:quadratic-acceleration,quadratic-acceleration,Quadratic Acceleration (q/acc),mechanisms,/mechanisms/quadratic-acceleration,3,hybrid|quadratic|bonding-curve
mechanisms:quadratic-funding,quadratic-funding,Quadratic Funding,mechanisms,/mechanisms/quadratic-funding,106,quadratic|democratic|verification
mechanisms:quadratic-funding-powered-social-network,quadratic-funding-powered-social-network,Quadratic Funding Powered Social Network,mechanisms,/mechanisms/quadratic-funding-powered-social-network,5,quadratic|social|micropayments|sybil-resistance|public goods
mechanisms:quadratic-voting,quadratic-voting,Quadratic Voting,mechanisms,/mechanisms/quadratic-voting,14,quadratic|democratic|governance
mechanisms:ranked-choice-voting,ranked-choice-voting,Ranked Choice Voting,mechanisms,/mechanisms/ranked-choice-voting,7,voting|consensus|democratic
mechanisms:requests-for-proposals,requests-for-proposals,Requests for Proposals (RFPs),mechanisms,/mechanisms/requests-for-proposals,5,procurement|competitive|structured
mechanisms:retailism-revenue-networks,retailism-revenue-networks,Retailism / Revenue Networks,mechanisms,/mechanisms/retailism-revenue-networks,8,autonomous|tokenization|revenue
mechanisms:retroactive-funding,retroactive-funding,Retroactive Funding,mechanisms,/mechanisms/retroactive-funding,44,expert|results-based|retroactive
mechanisms:self-curated-registries,self-curated-registries,Self-Curated Registries,mechanisms,/mechanisms/self-curated-registries,5,open|curation|inclusive
mechanisms:skeuomorphism,skeuomorphism,Skeuomorphism,mechanisms,/mechanisms/skeuomorphism,5,design|coordination|adoption
mechanisms:sortition,sortition,Sortition,mechanisms,/mechanisms/sortition,7,ancient|governance|democratic|randomness
mechanisms:sourcecred,sourcecred,SourceCred,mechanisms,/mechanisms/sourcecred,2,reputation|automated|contribution-tracking
mechanisms:staking-slashing,staking-slashing,Staking/Slashing,mechanisms,/mechanisms/staking-slashing,8,consensus|security|incentive|ethereum
mechanisms:star-voting,star-voting,STAR Voting,mechanisms,/mechanisms/star-voting,4,voting|expressive|consensus
mechanisms:stigmergy,stigmergy,Stigmergy,mechanisms,/mechanisms/stigmergy,7,coordination|networks|self-organization
mechanisms:streaming-quadratic-voting,streaming-quadratic-voting,Streaming Quadratic Voting,mechanisms,/mechanisms/streaming-quadratic-voting,3,continuous|quadratic|adaptive
mechanisms:swarms,swarms,Swarms,mechanisms,/mechanisms/swarms,7,coordination|autonomous|governance|decentralized
mechanisms:taxes,taxes,Taxes,mechanisms,/mechanisms/taxes,5,ancient|public goods|governance
mechanisms:tithing,tithing,Tithing,mechanisms,/mechanisms/tithing,6,ancient|public goods|community
mechanisms:token-curated-registry,token-curated-registry,Token Curated Registry,mechanisms,/mechanisms/token-curated-registry,6,curation|continuous|token-weighted|grants
mechanisms:token-streaming,token-streaming,Token Streaming,mechanisms,/mechanisms/token-streaming,18,payments|continuous|streaming
mechanisms:universal-basic-income,universal-basic-income,Universal Basic Income,mechanisms,/mechanisms/universal-basic-income,5,unconditional|recurring|inclusive
mechanisms:voting,voting,Voting,mechanisms,/mechanisms/voting,15,ancient|governance|democratic
mechanisms:web3-social,web3-social,Web3 Social,mechanisms,/mechanisms/web3-social,9,social|networks|coordination|identity
research:69-trends-in-2025-era-dao-design,69-trends-in-2025-era-dao-design,69 Trends in 2025-Era DAO Design,research,/research/69-trends-in-2025-era-dao-design,25,daos|governance|mechanism design|ai|infrastructure|token design
research:a-networked-epistemology,a-networked-epistemology,A Networked Epistemology: Individual & Collective Thriving in the 21st Century,research,/research/a-networked-epistemology,25,research|coordination|epistemology|collective-intelligence|web3|institutional design|game-theory|dao
research:pluralistic-civilizational-scale-infrastructure-funding-public-goods,pluralistic-civilizational-scale-infrastructure-funding-public-goods,A Vision for Pluralistic Civilizational-Scale Infrastructure for Funding Public Goods,research,/research/pluralistic-civilizational-scale-infrastructure-funding-public-goods,9,public goods|quadratic|impact-daos|coordination|infrastructure|pluralism
research:ai-agents-and-public-goods-the-emerging-agentic-economy,ai-agents-and-public-goods-the-emerging-agentic-economy,AI Agents and Public Goods: The Emerging Agentic Economy,research,/research/ai-agents-and-public-goods-the-emerging-agentic-economy,16,ai|agents|public-goods|capital-allocation|deep-funding|web3
research:allo-protocol-ecosystem-analysis,allo-protocol-ecosystem-analysis,Allo Protocol: Building the Rails for Capital Allocation,research,/research/allo-protocol-ecosystem-analysis,7,allo protocol|infrastructure|capital allocation
research:antifragile-by-design-lessons-from-decentralized-resilience,antifragile-by-design-lessons-from-decentralized-resilience,Antifragile by Design: Lessons from Decentralized Resilience Building,research,/research/antifragile-by-design-lessons-from-decentralized-resilience,7,antifragility|resilience|network-states|decentralization|permaculture|coordination
research:assembly-theory-x-onchain-capital-allocation,assembly-theory-x-onchain-capital-allocation,Assembly Theory x Onchain Capital Allocation,research,/research/assembly-theory-x-onchain-capital-allocation,12,capital allocation|mechanism design|modularity|design space|web3|public goods
research:biofi-bioregional-finance-web3,biofi-bioregional-finance-web3,BioFi: Bioregional Finance Powered by Web3,research,/research/biofi-bioregional-finance-web3,12,bioregional finance|regeneration|coordination|public goods|refi
research:biomimetic-capital-allocation,biomimetic-capital-allocation,Biomimetic Capital Allocation: What Nature Can Teach Funding Mechanism Designers,research,/research/biomimetic-capital-allocation,12,biomimicry|mycelium|resilience|capital-allocation|nature|antifragility
research:bioregional-swarms,bioregional-swarms,Bioregional Swarms,research,/research/bioregional-swarms,6,bioregional finance|ai swarms|coordination|knowledge commons|regeneration
research:capturing-value-like-a-slime-mold,capturing-value-like-a-slime-mold,Capturing Value Like a Slime Mold,research,/research/capturing-value-like-a-slime-mold,10,biomimicry|capital allocation|coordination|exploration|public goods
research:coalitional-funding-2026-era-primitive,coalitional-funding-2026-era-primitive,Coalitional Funding: A 2026+ Era Funding Primitive,research,/research/coalitional-funding-2026-era-primitive,6,coalitional funding|coordination|public goods|mechanism design
research:collective-intelligence-protocols-for-thinking-together,collective-intelligence-protocols-for-thinking-together,Collective Intelligence Infrastructure: Protocols for Thinking Together,research,/research/collective-intelligence-protocols-for-thinking-together,11,collective-intelligence|sensemaking|coordination|governance|web3|tools
research:d-acc-market-map,d-acc-market-map,d/acc Market Map,research,/research/d-acc-market-map,4,governance|infrastructure|privacy
research:deep-funding-visual-guide,deep-funding-visual-guide,Deep Funding: A Visual Guide in 3 Easy Steps,research,/research/deep-funding-visual-guide,11,deep funding|open source|mechanism design|ethereum|dependency mapping|ai
research:dopamine-driven-web3,dopamine-driven-web3,Dopamine-Driven Web3: Navigating Incentive Structures and the Search for Meaningful Value,research,/research/dopamine-driven-web3,8,mechanism design|incentive design|ux|web3|psychology
research:eip-1890-and-eip-6969-lessons-from-in-protocol-funding,eip-1890-and-eip-6969-lessons-from-in-protocol-funding,EIP 1890 & EIP 6969: Lessons from In-Protocol Funding,research,/research/eip-1890-and-eip-6969-lessons-from-in-protocol-funding,7,research|eip|credible neutrality|public goods|protocol design
research:ethereum-has-ens-for-people-what-about-everything-else,ethereum-has-ens-for-people-what-about-everything-else,Ethereum Has ENS for People. What About Everything Else?,research,/research/ethereum-has-ens-for-people-what-about-everything-else,11,identity|public-goods|funding|ai-agents|registry|escrow|erc
research:ethereum-localism,ethereum-localism,Ethereum Localism,research,/research/ethereum-localism,15,ethereum|localism|daos|governance|public goods|community currencies
research:ethereum-public-goods-funding-sources-the-next-era,ethereum-public-goods-funding-sources-the-next-era,Ethereum Public Goods Funding Sources - The Next Era,research,/research/ethereum-public-goods-funding-sources-the-next-era,11,research|analysis
research:exploring-mycofi,exploring-mycofi,Exploring MycoFi: Mycelial Design Patterns for Web3 and Beyond,research,/research/exploring-mycofi,11,capital allocation|mechanism design|networks|regeneration|public goods
research:fair-fees-dynamic-formula-value-creation-capture,fair-fees-dynamic-formula-value-creation-capture,Fair Fees: A Dynamic Formula for Balancing Value Creation and Value Capture,research,/research/fair-fees-dynamic-formula-value-creation-capture,5,fee structure|mechanism design|sustainability|capital allocation
research:nouns-dao-governance-evolution,nouns-dao-governance-evolution,From Auction to Incubator: The Evolution of Nouns DAO Capital Deployment,research,/research/nouns-dao-governance-evolution,6,governance|nouns|capital allocation|prop house|token curated registry
research:from-chaos-to-coordination,from-chaos-to-coordination,From Chaos to Coordination: How Abundance Networks Can Transform Progressive Organizing,research,/research/from-chaos-to-coordination,6,coordination|public goods|governance|mutual aid|progressive politics
research:from-degen-to-regen-the-cultural-shift-in-crypto,from-degen-to-regen-the-cultural-shift-in-crypto,From Degen to Regen: The Cultural Shift in Crypto,research,/research/from-degen-to-regen-the-cultural-shift-in-crypto,15,regen|degen|culture|coordination|public-goods|web3|greenpill
research:from-mutual-aid-to-welfare-state,from-mutual-aid-to-welfare-state,From Mutual Aid to the Welfare State and Back Again,research,/research/from-mutual-aid-to-welfare-state,16,capital allocation|mutual aid|public goods|governance|daos|history
research:from-tribes-to-llcs-to-daos,from-tribes-to-llcs-to-daos,From Tribes to LLCs to DAOs: The Evolution of Human Organization,research,/research/from-tribes-to-llcs-to-daos,14,research|dao|governance|decentralization|web3|coordination|institutional design
research:gitcoin-3-3-evolutionary-arena-for-capital-allocation,gitcoin-3-3-evolutionary-arena-for-capital-allocation,"Gitcoin 3.3 (3,3): An Evolutionary Arena for Capital Allocation",research,/research/gitcoin-3-3-evolutionary-arena-for-capital-allocation,12,capital allocation|coordination|infrastructure|governance|modular
research:grassroots-economics,grassroots-economics,Grassroots Economics,research,/research/grassroots-economics,11,capital allocation|community currencies|mutual aid|public goods|governance
research:guild-guild-locus-of-coordination,guild-guild-locus-of-coordination,Guild Guild: A Locus of Coordination for Guilding,research,/research/guild-guild-locus-of-coordination,6,coordination|guilds|public goods|collective bargaining|governance
research:exploring-the-capital-allocation-design-space,exploring-the-capital-allocation-design-space,How Should We Be Exploring the Capital Allocation Design Space?,research,/research/exploring-the-capital-allocation-design-space,22,capital allocation|mechanism design|governance|networks|gitcoin|strategy
research:hyperstitions-how-shared-beliefs-shape-onchain-realities,hyperstitions-how-shared-beliefs-shape-onchain-realities,Hyperstitions: How Shared Beliefs Shape Onchain Realities,research,/research/hyperstitions-how-shared-beliefs-shape-onchain-realities,9,hyperstitions|memetics|coordination|narrative|web3|institutional-design
research:identity-infrastructure-binding-constraint,identity-infrastructure-binding-constraint,Identity Infrastructure: The Binding Constraint on Democratic Funding,research,/research/identity-infrastructure-binding-constraint,17,sybil-resistance|identity|quadratic-funding|security|infrastructure|gitcoin-passport
research:retropgf-impact-measurement-evolution,retropgf-impact-measurement-evolution,Impact Measurement in Retroactive Funding: Evolution Through RetroPGF 3-6,research,/research/retropgf-impact-measurement-evolution,11,impact measurement|retroactive funding|evaluation|optimism
research:liberating-attention,liberating-attention,Liberating Attention: Humanity's Scarcest Resource,research,/research/liberating-attention,7,attention economy|ai|values|programmable money|psychology
research:meaning-awareness,meaning-awareness,Meaning Awareness: We Need New Ways to Find What Actually Matters,research,/research/meaning-awareness,8,capital allocation|mechanism design|attention economy|meaning|values
research:mechanism-pluralism-survival-requirement,mechanism-pluralism-survival-requirement,Mechanism Pluralism: Why No Single Funding Model Works,research,/research/mechanism-pluralism-survival-requirement,15,mechanism-design|pluralism|quadratic-funding|retroactive-funding|governance|capital-allocation
research:mev-for-public-goods-funding,mev-for-public-goods-funding,MEV for Public Goods Funding,research,/research/mev-for-public-goods-funding,9,mev|public-goods|ethereum|infrastructure|protocol-design
research:microsolidarity-small-group-patterns-for-coordination,microsolidarity-small-group-patterns-for-coordination,Microsolidarity: Small-Group Patterns for Large-Scale Coordination,research,/research/microsolidarity-small-group-patterns-for-coordination,11,microsolidarity|coordination|community|governance|dao|social-infrastructure
research:network-nations-building-sovereignty-without-land,network-nations-building-sovereignty-without-land,Network Nations: Building Sovereignty Without Land,research,/research/network-nations-building-sovereignty-without-land,10,network-nations|coordination|governance|sovereignty|web3|institutional-design
research:networks-vs-hierarchies,networks-vs-hierarchies,Networks vs. Hierarchies: Organizational Structures in the Digital Age,research,/research/networks-vs-hierarchies,19,daos|governance|coordination|networks|organizational design
research:ocah-volume-1-innovators-edition,ocah-volume-1-innovators-edition,Onchain Capital Allocation Handbook: Volume 1 — Innovators Edition,research,/research/ocah-volume-1-innovators-edition,12,capital allocation|mechanism design|daos|allo protocol|public goods
research:ocah-volume-2-explorers-edition,ocah-volume-2-explorers-edition,Onchain Capital Allocation Handbook: Volume 2 — Explorers Edition,research,/research/ocah-volume-2-explorers-edition,12,capital allocation|mechanism design|daos|public goods|governance
research:onchain-capital-allocation-neural-networks-allonets,onchain-capital-allocation-neural-networks-allonets,Onchain Capital Allocation Neural Networks (AlloNets),research,/research/onchain-capital-allocation-neural-networks-allonets,14,capital allocation|mechanism design|neural networks|public goods|daos|web3
research:our-choices-our-world-thriving-together,our-choices-our-world-thriving-together,"Our Choices, Our World: Thriving Together in an Uncertain Future",research,/research/our-choices-our-world-thriving-together,20,research|coordination|capital allocation|web3|collective-agency|institutional design|dao
research:pathways-to-regeneration,pathways-to-regeneration,Pathways to Regeneration,research,/research/pathways-to-regeneration,10,regeneration|capital allocation|community currencies|public goods|economics
research:post-capitalist-substrate-of-the-abundance-economy,post-capitalist-substrate-of-the-abundance-economy,Post-Capitalist Substrate of the Abundance Economy,research,/research/post-capitalist-substrate-of-the-abundance-economy,27,post-capitalism|abundance|coordination|protocol-economics|regenerative|commons|mechanism-design
research:practical-pluralism,practical-pluralism,Practical Pluralism,research,/research/practical-pluralism,11,plurality|public goods|mechanism design|resilience|credible neutrality
research:reforming-eth-public-goods-funding-2026,reforming-eth-public-goods-funding-2026,Reforming ETH Public Goods Funding in 2026+,research,/research/reforming-eth-public-goods-funding-2026,17,public goods|funding|mechanism design|ethereum|deep funding|open source|privacy
research:retroactive-funding-most-scalable-pattern,retroactive-funding-most-scalable-pattern,Retroactive Funding: The Most Scalable New Pattern in Public Goods,research,/research/retroactive-funding-most-scalable-pattern,13,retroactive-funding|optimism|scalability|impact-measurement|grants
research:protocols-for-postcapitalist-expression,protocols-for-postcapitalist-expression,Review & Recap: Protocols for Postcapitalist Expression,research,/research/protocols-for-postcapitalist-expression,11,mechanism design|capital allocation|public goods|postcapitalism|book review
research:revnets-retailism-autonomous-public-goods-funding,revnets-retailism-autonomous-public-goods-funding,Revnets & Retailism: Can Autonomous Treasuries Fund Public Goods?,research,/research/revnets-retailism-autonomous-public-goods-funding,10,research|revnets|retailism|autonomous funding
research:shape-rotators-guide-to-funding-what-matters,shape-rotators-guide-to-funding-what-matters,Shape Rotator's Guide to Funding What Matters,research,/research/shape-rotators-guide-to-funding-what-matters,14,mechanism design|capital allocation|public goods|design space|quadratic-funding|retroactive-funding
research:state-of-public-goods-funding-2024,state-of-public-goods-funding-2024,State of Public Goods Funding 2024,research,/research/state-of-public-goods-funding-2024,27,public goods|funding|analysis|trends|2024
research:structural-funding-beyond-grants,structural-funding-beyond-grants,Structural Funding: Why the Grant Model Is Dying and What Replaces It,research,/research/structural-funding-beyond-grants,19,sustainability|protocol-economics|mev|staking|revenue|infrastructure
research:summer-of-protocols-what-protocol-theory-teaches-about-coordination,summer-of-protocols-what-protocol-theory-teaches-about-coordination,Summer of Protocols: What Protocol Theory Teaches Us About Coordination,research,/research/summer-of-protocols-what-protocol-theory-teaches-about-coordination,8,protocols|coordination|governance|infrastructure|institutional-design
research:quadratic-funding-sybil-resistance,quadratic-funding-sybil-resistance,Sybil Resistance in Quadratic Funding: 2024 Approaches,research,/research/quadratic-funding-sybil-resistance,9,sybil resistance|identity|quadratic funding|security
research:plural-funding-mechanisms,plural-funding-mechanisms,The Case for Plural Funding Mechanisms,research,/research/plural-funding-mechanisms,26,mechanism design|plurality|public goods
research:civilizational-stakes-coordination-capacity,civilizational-stakes-coordination-capacity,The Civilizational Stakes: Public Goods Funding as Coordination Rehearsal,research,/research/civilizational-stakes-coordination-capacity,13,metacrisis|coordination|civilization|governance|d-acc|resilience
research:the-dao-of-daos,the-dao-of-daos,The DAO of DAOs,research,/research/the-dao-of-daos,15,research|dao|coordination|governance|interoperability|web3|institutional design
research:eight-forms-of-capital-beyond-financial-metrics,eight-forms-of-capital-beyond-financial-metrics,The Eight Forms of Capital: Beyond Financial Metrics in Public Goods,research,/research/eight-forms-of-capital-beyond-financial-metrics,13,capital|impact-measurement|public-goods|regenerative|evaluation
research:the-evolution-of-surplus-distribution,the-evolution-of-surplus-distribution,The Evolution of Surplus Distribution: From Hunter-Gatherers to Onchain Systems,research,/research/the-evolution-of-surplus-distribution,19,capital allocation|history|public goods|daos|programmable money
research:public-goods-funding-five-layer-stack,public-goods-funding-five-layer-stack,The Five-Layer Stack: An Architecture for Public Goods Funding,research,/research/public-goods-funding-five-layer-stack,18,architecture|infrastructure|capital-allocation|mechanism-design|composability
research:the-gitcoin-gitcoindao-egregore-is-emerging,the-gitcoin-gitcoindao-egregore-is-emerging,The Gitcoin/GitcoinDAO Egregore Is Emerging,research,/research/the-gitcoin-gitcoindao-egregore-is-emerging,9,governance|coordination|public goods|dao|decentralization
research:grantee-to-funder-flywheel,grantee-to-funder-flywheel,The Grantee-to-Funder Flywheel: How Early Public Goods Funding Seeds Future Funders,research,/research/grantee-to-funder-flywheel,18,flywheel|roi|quadratic-funding|ecosystem|sustainability|impact
research:the-great-interregnum-where-capital-flows-after-institutional-breakdown,the-great-interregnum-where-capital-flows-after-institutional-breakdown,The Great Interregnum: Where Capital Flows After Institutional Breakdown,research,/research/the-great-interregnum-where-capital-flows-after-institutional-breakdown,15,research|legitimacy|coordination|capital allocation|web3|institutional design
research:the-metacrisis,the-metacrisis,The Metacrisis: Coordination Failure at Civilizational Scale,research,/research/the-metacrisis,12,coordination|public goods|governance|mechanism design|existential risk
research:the-networked-firm,the-networked-firm,The Networked Firm: Capital Allocation in the Age of Blockchain and AI,research,/research/the-networked-firm,16,capital allocation|ai|daos|governance|networks|organizational design
research:signal-as-important-as-capital,signal-as-important-as-capital,The Signal Is as Important as the Capital,research,/research/signal-as-important-as-capital,15,quadratic-funding|governance|legitimacy|signal|democratic|coordination
research:the-wells-are-all-dry-regen-web3-crossroads,the-wells-are-all-dry-regen-web3-crossroads,The Wells Are All Dry: Regen Web3 at a Crossroads,research,/research/the-wells-are-all-dry-regen-web3-crossroads,10,public goods|regen|sustainability|go-to-market|ecosystem health|2025
research:trust-precedes-coordination,trust-precedes-coordination,Trust Precedes Coordination Precedes Capital Allocation,research,/research/trust-precedes-coordination,14,trust|microsolidarity|coordination|governance|community|organizational-design
research:values-in-programmable-money,values-in-programmable-money,Values in Programmable Money: More Than Code,research,/research/values-in-programmable-money,15,programmable money|values|mechanism design|public goods|governance|ethereum
research:web3-funding-fatigue,web3-funding-fatigue,Web3 Funding Fatigue: A Growing Problem,research,/research/web3-funding-fatigue,10,public goods|grants|coordination|funding fatigue|aggregation
research:what-if-gitcoin-grants-had-been-early-stage-investments,what-if-gitcoin-grants-had-been-early-stage-investments,What If Gitcoin Grants Had Been Early-Stage Investments?,research,/research/what-if-gitcoin-grants-had-been-early-stage-investments,7,public goods|funding|capital allocation|grants|investments|signal detection
research:what-nature-can-teach-us-about-allocating-capital,what-nature-can-teach-us-about-allocating-capital,What Nature Can Teach Us About Allocating Capital,research,/research/what-nature-can-teach-us-about-allocating-capital,16,biomimicry|capital allocation|regeneration|resilience|public goods|coordination
research:why-i-am-holon-maximalist,why-i-am-holon-maximalist,Why I Am Holon Maximalist,research,/research/why-i-am-holon-maximalist,6,quadratic|holons|public goods|coordination|pluralism
case-studies:1inch-from-hackathon-to-decentralized-exchange-powerhouse,1inch-from-hackathon-to-decentralized-exchange-powerhouse,1inch: The Unstoppable Journey from Hackathon Dream to Decentralized Exchange Powerhouse,case-studies,/case-studies/1inch-from-hackathon-to-decentralized-exchange-powerhouse,2,quadratic|defi|infrastructure|grants
case-studies:austin-griffith-quadratic-freelancer-onboarding-developers,austin-griffith-quadratic-freelancer-onboarding-developers,Austin Griffith: The Quadratic Freelancer Onboarding Thousands of Developers,case-studies,/case-studies/austin-griffith-quadratic-freelancer-onboarding-developers,4,quadratic|education|infrastructure|open-source
case-studies:celo-easy-rpgf-lightweight-retroactive-funding,celo-easy-rpgf-lightweight-retroactive-funding,Celo Easy RPGF — Lightweight Retroactive Funding,case-studies,/case-studies/celo-easy-rpgf-lightweight-retroactive-funding,8,retroactive|celo|grants|accessibility
case-studies:coin-center-defending-cryptocurrency-rights-through-community-funded-advocacy,coin-center-defending-cryptocurrency-rights-through-community-funded-advocacy,Coin Center: Defending Cryptocurrency Rights Through Community-Funded Advocacy,case-studies,/case-studies/coin-center-defending-cryptocurrency-rights-through-community-funded-advocacy,10,quadratic|democratic|advocacy
case-studies:eip-1559-how-quadratic-funding-legitimized-ethereum-s-most-important-fee-market-reform,eip-1559-how-quadratic-funding-legitimized-ethereum-s-most-important-fee-market-reform,EIP-1559: How Quadratic Funding Legitimized Ethereum's Most Important Fee Market Reform,case-studies,/case-studies/eip-1559-how-quadratic-funding-legitimized-ethereum-s-most-important-fee-market-reform,2,quadratic|infrastructure|governance
case-studies:filecoin-retropgf-retroactive-funding-beyond-optimism,filecoin-retropgf-retroactive-funding-beyond-optimism,Filecoin RetroPGF — Retroactive Funding Beyond Optimism,case-studies,/case-studies/filecoin-retropgf-retroactive-funding-beyond-optimism,10,retroactive|filecoin|grants|cross-ecosystem
case-studies:gg19-oss-round-review-reflections,gg19-oss-round-review-reflections,GG19 OSS Round Review: Reflections,case-studies,/case-studies/gg19-oss-round-review-reflections,4,gitcoin|quadratic-funding|grants|oss|open-source
case-studies:gg20-community-round-governance-retrospective,gg20-community-round-governance-retrospective,GG20 — Community Round Governance: A Retrospective,case-studies,/case-studies/gg20-community-round-governance-retrospective,15,gitcoin|quadratic-funding|grants|community-governance|governance|web3
case-studies:gg21-community-led-round-results-retrospective,gg21-community-led-round-results-retrospective,GG21 — Gitcoin's First Community-Led Round: Results & Retrospective,case-studies,/case-studies/gg21-community-led-round-results-retrospective,27,gitcoin|quadratic-funding|grants|community-governance|web3
case-studies:gg21-asia-round-retrospective,gg21-asia-round-retrospective,GG21 Asia Round Retrospective,case-studies,/case-studies/gg21-asia-round-retrospective,6,gitcoin|quadratic-funding|grants|asia|community
case-studies:gg21-ccn-climate-solutions-retrospective,gg21-ccn-climate-solutions-retrospective,GG21 CCN Climate Solutions Round Retrospective,case-studies,/case-studies/gg21-ccn-climate-solutions-retrospective,4,gitcoin|quadratic-funding|grants|climate|environment
case-studies:gg21-collabtech-round-retrospective,gg21-collabtech-round-retrospective,GG21 CollabTech Round by RnDAO Retrospective,case-studies,/case-studies/gg21-collabtech-round-retrospective,7,gitcoin|quadratic-funding|grants|collabtech|mechanism-design
case-studies:gg21-desci-round-retrospective,gg21-desci-round-retrospective,GG21 DeSci Round Retrospective,case-studies,/case-studies/gg21-desci-round-retrospective,5,desci|quadratic-funding|grants|gitcoin|science
case-studies:gg21-opencivics-collaborative-research-retrospective,gg21-opencivics-collaborative-research-retrospective,GG21 OpenCivics Collaborative Research Round Retrospective,case-studies,/case-studies/gg21-opencivics-collaborative-research-retrospective,11,gitcoin|quadratic-funding|grants|research|opencivics|public-goods
case-studies:gg21-regen-coordi-nation-genesis-retrospective,gg21-regen-coordi-nation-genesis-retrospective,GG21 Regen Coordi-Nation Genesis Retrospective,case-studies,/case-studies/gg21-regen-coordi-nation-genesis-retrospective,8,gitcoin|quadratic-funding|grants|regen|refi|community-governance
case-studies:gg21-token-engineering-superchain-retrospective,gg21-token-engineering-superchain-retrospective,GG21 Token Engineering the Superchain Retrospective,case-studies,/case-studies/gg21-token-engineering-superchain-retrospective,11,token-engineering|quadratic-funding|optimism|superchain|grants|gitcoin
case-studies:gg21-web3-grants-advancement-retrospective,gg21-web3-grants-advancement-retrospective,GG21 Web3 Grants Ecosystem Advancement Round Retrospective,case-studies,/case-studies/gg21-web3-grants-advancement-retrospective,13,gitcoin|quadratic-funding|grants|infrastructure|web3
case-studies:gg22-allo-builders-advancement-retrospective,gg22-allo-builders-advancement-retrospective,GG22 Allo Builders Advancement Round Retrospective,case-studies,/case-studies/gg22-allo-builders-advancement-retrospective,5,gitcoin|quadratic-funding|grants|allo|infrastructure
case-studies:gg22-biofi-pathfinders-retrospective,gg22-biofi-pathfinders-retrospective,GG22 BioFi Pathfinders Round Retrospective,case-studies,/case-studies/gg22-biofi-pathfinders-retrospective,8,biofi|regen|refi|quadratic-funding|grants|gitcoin|bioregional
case-studies:gg22-ma-earth-grants-round-retrospective,gg22-ma-earth-grants-round-retrospective,GG22 Ma Earth Grants Round Retrospective,case-studies,/case-studies/gg22-ma-earth-grants-round-retrospective,8,regen|refi|quadratic-funding|grants|gitcoin|environment
case-studies:gg22-youth-in-need-retrospective,gg22-youth-in-need-retrospective,GG22 Youth in Need Retrospective,case-studies,/case-studies/gg22-youth-in-need-retrospective,3,gitcoin|quadratic-funding|grants|social-impact|education
case-studies:gg23-ai-impactqf-regen-coordination-retrospective,gg23-ai-impactqf-regen-coordination-retrospective,GG23 — AI ImpactQF & Regen Coordination: Retrospective,case-studies,/case-studies/gg23-ai-impactqf-regen-coordination-retrospective,15,quadratic-funding|impact-measurement|ai|regen|refi|grants|gitcoin
case-studies:gg23-onboarding-education-program-retrospective,gg23-onboarding-education-program-retrospective,GG23 Onboarding & Education Program Retrospective,case-studies,/case-studies/gg23-onboarding-education-program-retrospective,4,gitcoin|quadratic-funding|grants|education|onboarding
case-studies:gg23-predictive-funding-challenge-retrospective,gg23-predictive-funding-challenge-retrospective,GG23 Predictive Funding Challenge Retrospective,case-studies,/case-studies/gg23-predictive-funding-challenge-retrospective,5,gitcoin|quadratic-funding|grants|data-science|prediction-markets
case-studies:gg23-token-engineering-superchain-part-2-retrospective,gg23-token-engineering-superchain-part-2-retrospective,GG23 Token Engineering the Superchain Part 2: A Retrospective,case-studies,/case-studies/gg23-token-engineering-superchain-part-2-retrospective,12,gitcoin|token-engineering|retroactive-funding|quadratic-funding|superchain|optimism
case-studies:gg24-first-funding-round-of-gitcoin-3-0,gg24-first-funding-round-of-gitcoin-3-0,GG24 — The First Funding Round of Gitcoin 3.0,case-studies,/case-studies/gg24-first-funding-round-of-gitcoin-3-0,13,gitcoin|quadratic-funding|grants|web3
case-studies:gg24-interop-round-retrospective,gg24-interop-round-retrospective,GG24 Interop Round Retrospective,case-studies,/case-studies/gg24-interop-round-retrospective,8,gitcoin|quadratic-funding|grants|interoperability|infrastructure|ethereum
case-studies:gg24-oss-qf-giveth-retrospective,gg24-oss-qf-giveth-retrospective,GG24 OSS QF on Giveth Retrospective,case-studies,/case-studies/gg24-oss-qf-giveth-retrospective,7,gitcoin|quadratic-funding|grants|oss|open-source
case-studies:gg24-privacy-round-retrospective,gg24-privacy-round-retrospective,GG24 Privacy Round Retrospective,case-studies,/case-studies/gg24-privacy-round-retrospective,5,gitcoin|quadratic-funding|grants|privacy|maci
case-studies:gg24-solutions-development-grants-retrospective,gg24-solutions-development-grants-retrospective,GG24 Solutions Development Grants Retrospective,case-studies,/case-studies/gg24-solutions-development-grants-retrospective,11,gitcoin|direct-grants|impact-measurement|sdgs|grants|web3|ai
case-studies:gitcoin-citizens-retro-3,gitcoin-citizens-retro-3,Gitcoin Citizens Retro #3 — Early Retrospective,case-studies,/case-studies/gitcoin-citizens-retro-3,8,gitcoin|retroactive-funding|grants|community
case-studies:gitcoin-citizens-round-1-retroactive-quadratic-funding-for-community-contributions,gitcoin-citizens-round-1-retroactive-quadratic-funding-for-community-contributions,Gitcoin Citizens Round 1: Retroactive Quadratic Funding for Community Contributions,case-studies,/case-studies/gitcoin-citizens-round-1-retroactive-quadratic-funding-for-community-contributions,13,quadratic|retroactive|verification
case-studies:gg23-gitcoin-grants-garden-retrospective,gg23-gitcoin-grants-garden-retrospective,Gitcoin Grants Garden GG23 Retrospective,case-studies,/case-studies/gg23-gitcoin-grants-garden-retrospective,7,gitcoin|conviction-voting|grants|community-governance|web3
case-studies:greenpill-hypercerts-experiment-impact-certificates-in-practice,greenpill-hypercerts-experiment-impact-certificates-in-practice,GreenPill Hypercerts Experiment — Impact Certificates in Practice,case-studies,/case-studies/greenpill-hypercerts-experiment-impact-certificates-in-practice,9,hypercerts|impact-certificates|experiment|public-goods
case-studies:optimism-from-plasma-group-research-to-a-2b-layer-2-ecosystem,optimism-from-plasma-group-research-to-a-2b-layer-2-ecosystem,Optimism: From Plasma Group Research to a $2B+ Layer 2 Ecosystem,case-studies,/case-studies/optimism-from-plasma-group-research-to-a-2b-layer-2-ecosystem,8,quadratic|infrastructure|retroactive
case-studies:pocket-network-retroactive-funding-ecosystem-retropgf,pocket-network-retroactive-funding-ecosystem-retropgf,Pocket Network Retroactive Funding — Ecosystem-Specific RetroPGF,case-studies,/case-studies/pocket-network-retroactive-funding-ecosystem-retropgf,7,retroactive|pocket-network|grants|infrastructure
case-studies:quadraticlenster-launch-wrap-up,quadraticlenster-launch-wrap-up,QuadraticLenster: Replacing Likes with Quadratic Funding on Social Media,case-studies,/case-studies/quadraticlenster-launch-wrap-up,7,quadratic|social|lens protocol|micropayments|sybil-resistance
case-studies:gg20-hypercerts-ecosystem-round-retrospective,gg20-hypercerts-ecosystem-round-retrospective,Retrospective of the Hypercerts Ecosystem Round during GG20,case-studies,/case-studies/gg20-hypercerts-ecosystem-round-retrospective,6,gitcoin|quadratic-funding|grants|hypercerts|impact-measurement
case-studies:gg-latam-round-retrospective,gg-latam-round-retrospective,Retrospective of the LATAM Round and Next Steps for Meta Pool DAO,case-studies,/case-studies/gg-latam-round-retrospective,3,gitcoin|quadratic-funding|grants|latam|education|refi
case-studies:zuzalu-gitcoin-rounds-retrospective,zuzalu-gitcoin-rounds-retrospective,Retrospective of the Zuzalu Gitcoin Rounds and Suggestions,case-studies,/case-studies/zuzalu-gitcoin-rounds-retrospective,6,gitcoin|quadratic-funding|grants|community|zuzalu
case-studies:gg19-public-goods-africa-retrospective,gg19-public-goods-africa-retrospective,Retrospective: Public Goods Africa Independent Grant Round in GG19,case-studies,/case-studies/gg19-public-goods-africa-retrospective,5,gitcoin|quadratic-funding|grants|africa|public-goods
case-studies:shamba-network-equipping-smallholder-farmers-to-conserve-ecosystems,shamba-network-equipping-smallholder-farmers-to-conserve-ecosystems,Shamba Network: Equipping Smallholder Farmers to Conserve Ecosystems,case-studies,/case-studies/shamba-network-equipping-smallholder-farmers-to-conserve-ecosystems,2,climate|infrastructure|quadratic|impact
case-studies:tornado-cash-how-quadratic-funding-sustained-ethereum-s-most-important-privacy-tool,tornado-cash-how-quadratic-funding-sustained-ethereum-s-most-important-privacy-tool,Tornado Cash: How Quadratic Funding Sustained Ethereum's Most Important Privacy Tool,case-studies,/case-studies/tornado-cash-how-quadratic-funding-sustained-ethereum-s-most-important-privacy-tool,10,quadratic|democratic|privacy
case-studies:unicef-alpha-round-partnership-driving-fairness-collaboration-impact,unicef-alpha-round-partnership-driving-fairness-collaboration-impact,"UNICEF Alpha Round: A Partnership Driving Fairness, Collaboration and Impact",case-studies,/case-studies/unicef-alpha-round-partnership-driving-fairness-collaboration-impact,6,quadratic|democratic|impact|public-goods
case-studies:zuzalu-and-pop-up-cities-temporary-coordination-experiments,zuzalu-and-pop-up-cities-temporary-coordination-experiments,Zuzalu and Pop-Up Cities — Temporary Coordination Experiments,case-studies,/case-studies/zuzalu-and-pop-up-cities-temporary-coordination-experiments,9,pop-up-city|network-state|coordination|governance|community
campaigns:gitcoin-grants-20-gg20,gitcoin-grants-20-gg20,Gitcoin Grants 20,campaigns,/campaigns/gitcoin-grants-20-gg20,9,quadratic|grants|multichain
campaigns:gitcoin-grants-21-gg21,gitcoin-grants-21-gg21,Gitcoin Grants 21,campaigns,/campaigns/gitcoin-grants-21-gg21,28,quadratic|democratic|community
campaigns:gitcoin-grants-22-gg22,gitcoin-grants-22-gg22,Gitcoin Grants 22,campaigns,/campaigns/gitcoin-grants-22-gg22,10,quadratic|grants|verification
campaigns:gitcoin-grants-23-gg23,gitcoin-grants-23-gg23,Gitcoin Grants 23,campaigns,/campaigns/gitcoin-grants-23-gg23,14,quadratic|retroactive|multimech
campaigns:gitcoin-grants-24-gg24,gitcoin-grants-24-gg24,Gitcoin Grants 24,campaigns,/campaigns/gitcoin-grants-24-gg24,7,gitcoin|quadratic funding|multi-mechanism|gg24|domain allocators
campaigns:protocol-guild-ongoing,protocol-guild-ongoing,Protocol Guild,campaigns,/campaigns/protocol-guild-ongoing,16,streaming|collective|infrastructure|ethereum
campaigns:thedao-security-fund,thedao-security-fund,TheDAO Security Fund,campaigns,/campaigns/thedao-security-fund,13,quadratic|retroactive|security|ethereum
